"","FGF21 analog","FXR agonist","Incretins","Placebo","PPAR agonist","SGLT2 inhibitor","THR-beta agonist","TZDs + Vitamin E","Vitamin E"
"FGF21 analog","FGF21 analog",".",".","27.13 (1.57, 468.69)",".",".",".",".","."
"FXR agonist","21.94 (1.05, 458.70)","FXR agonist",".","1.24 (0.43,   3.57)",".",".",".",".","."
"Incretins","9.27 (0.52, 163.72)","0.42 (0.14,   1.29)","Incretins","2.93 (2.05,   4.19)",".",".",".",".","."
"Placebo","27.13 (1.57, 468.69)","1.24 (0.43,   3.57)","2.93 (2.05,   4.19)","Placebo","0.36 (0.14,   0.93)","0.44 (0.10,   1.91)","0.30 (0.19,   0.49)","0.16 (0.05,   0.50)","0.29 (0.09,   0.93)"
"PPAR agonist","9.69 (0.48, 195.84)","0.44 (0.11,   1.84)","1.05 (0.38,   2.91)","0.36 (0.14,   0.93)","PPAR agonist",".",".",".","."
"SGLT2 inhibitor","11.87 (0.48, 293.76)","0.54 (0.09,   3.33)","1.28 (0.28,   5.85)","0.44 (0.10,   1.91)","1.22 (0.21,   7.12)","SGLT2 inhibitor",".",".","."
"THR-beta agonist","8.24 (0.46, 148.27)","0.38 (0.12,   1.20)","0.89 (0.49,   1.62)","0.30 (0.19,   0.49)","0.85 (0.29,   2.49)","0.69 (0.15,   3.28)","THR-beta agonist",".","."
"TZDs + Vitamin E","4.27 (0.20,  92.33)","0.19 (0.04,   0.93)","0.46 (0.14,   1.54)","0.16 (0.05,   0.50)","0.44 (0.10,   1.97)","0.36 (0.06,   2.34)","0.52 (0.15,   1.81)","TZDs + Vitamin E","1.85 (0.73,   4.69)"
"Vitamin E","7.89 (0.36, 171.55)","0.36 (0.07,   1.74)","0.85 (0.25,   2.89)","0.29 (0.09,   0.93)","0.81 (0.18,   3.69)","0.67 (0.10,   4.36)","0.96 (0.27,   3.38)","1.85 (0.73,   4.69)","Vitamin E"
